step,train_loss,val_loss,lr
200,2.4931,2.4750174283981323,0.0003
400,2.3260,2.310917067527771,0.0003
600,2.2439,2.182594382762909,0.0003
800,2.1073,2.088850200176239,0.0003
1000,2.0299,2.0184231221675875,0.0003
1200,1.8984,1.9728008568286897,0.0003
1400,1.8805,1.9257552564144134,0.0003
1600,1.8425,1.8953540086746217,0.0003
1800,1.7851,1.8693224668502808,0.0003
2000,1.7381,1.8401072084903718,0.0003
2200,1.7447,1.8130784153938293,0.0003
2400,1.7264,1.7787042140960694,0.0003
2600,1.6127,1.7582414150238037,0.0003
2800,1.6396,1.746375322341919,0.0003
3000,1.6212,1.722017127275467,0.0003
